[
    {
        "imagen":"img/persona1.jfif",
        "nombre":"persona 1",
        "contactos":"Otras personas que son contactos"
    },
    {
        "imagen":"img/persona2.jfif",
        "nombre":"persona 2",
        "contactos":"Otras personas que son contactos"
    },
    {
        "imagen":"img/persona3.jfif",
        "nombre":"persona 3",
        "contactos":"Otras personas que son contactos"
    },
    {
        "imagen":"img/persona4.jfif",
        "nombre":"persona 4",
        "contactos":"Otras personas que son contactos"
    }
]